Asset_ID,Month,Pipe_Size_mm,Thickness_mm,Material,Grade,Max_Pressure_psi,Temperature_C,Corrosion_Impact_Percent,Pressure_psi,Thickness_Loss_mm_sim,Remaining_Thickness_mm,Failed_Month,TTF_months,Failed_Month_Final,Fail_Within_12M,Loss_Increment,Loss_RollingMean_3,Loss_RollingStd_3,Loss_Acceleration,Imminent_Failure_Prob,Early_Warning_Prob,Risk_Tier
6,60,600.0,16.75,Fiberglass,API 5L X52,600.0,65.98003688641086,0.8126825303058312,332.6628705392958,0.578961099332323,16.17103890066768,0,0,0,0,0.017699692169938275,0.007886401983708232,0.00900580087146096,0.011740178388751854,2.016102e-06,1.8601108e-07,LOW RISK
11,60,300.0,11.52,Stainless Steel,ASTM A333 Grade 6,900.0,99.41237180492297,12.894292302055636,745.7442170525269,2.632398168413181,8.887601831586819,0,0,0,0,0.03551791405301108,0.04005979307902333,0.011821357404752804,-0.017960598231661518,4.8644456e-06,1.4768675e-06,LOW RISK
24,60,100.0,4.62,HDPE,API 5L X42,1500.0,49.95650535683447,16.941791369048495,1246.762944246965,2.608921911999213,2.011078088000787,0,0,0,0,0.011654952512517358,0.03621399959290287,0.021270805503991,-0.03654349153597636,1.1564362e-05,6.1506585e-06,LOW RISK
26,60,1500.0,30.19,Stainless Steel,ASTM A106 Grade B,150.0,108.48690363514679,11.963273153241316,107.75037857012984,2.668340957038402,27.5216590429616,0,0,0,0,0.03888151298694842,0.044772009180158,0.007348366103905563,-0.003546602077189931,4.6831856e-06,4.42962e-06,LOW RISK
30,60,250.0,13.7,Carbon Steel,API 5L X65,2500.0,16.58825189443904,0.0,2077.964328715476,0.351067588159364,13.348932411840636,0,0,0,0,0.009658194282644639,0.007845536765480443,0.007114555728849201,-0.004220221731152052,8.7485455e-07,1.53389e-07,LOW RISK
31,60,300.0,9.65,Carbon Steel,API 5L X42,900.0,61.43650474277981,15.414802529178537,775.0246555197972,3.4462613922372727,6.203738607762728,0,0,0,0,0.06976737546069778,0.059083799141004555,0.019889659288843706,0.0336320235718337,3.5635383e-06,7.294417e-06,LOW RISK
32,60,50.0,4.11,Fiberglass,API 5L X65,150.0,43.885173200915084,6.837114042824365,118.10714446311414,1.314718785170926,2.795281214829074,0,0,0,0,0.01665760080847778,0.02162363201088195,0.013413519492066261,0.0052563223660244685,1.1834803e-06,6.770335e-07,LOW RISK
34,60,1000.0,17.26,Fiberglass,ASTM A333 Grade 6,1500.0,-8.581062624948883,1.8253706143474429,1013.5050483438957,0.48638632546042926,16.773613674539572,0,0,0,0,0.0035300567399972893,0.002464598804776341,0.002140916048458132,0.0035300567399972893,7.541596e-07,1.3896982e-06,LOW RISK
40,60,400.0,12.67,Carbon Steel,API 5L X42,150.0,4.883678523514978,16.567980386717984,120.85472389890161,2.7176247371992672,9.952375262800732,0,0,0,0,0.029786568774992084,0.03852658885101216,0.00817468586708414,-0.01619783286494858,1.0606566e-06,1.0718921e-08,LOW RISK
45,60,600.0,12.82,HDPE,ASTM A333 Grade 6,300.0,53.75538205064962,1.9155881963086208,227.14932627529154,0.6166947124947229,12.203305287505277,0,0,0,0,0.021129166508153552,0.00704305550271785,0.012198929971234878,0.021129166508153552,4.5093282e-07,1.2241115e-07,LOW RISK
50,60,1200.0,24.48,HDPE,ASTM A333 Grade 6,900.0,30.41327517179749,3.4065774621993334,840.3729131615231,0.6479937498619052,23.832006250138097,0,0,0,0,0.0,0.0047657697442105755,0.008169316828331039,-0.014198712523916912,3.082637e-06,1.5377612e-06,LOW RISK
55,60,500.0,24.81,PVC,ASTM A333 Grade 6,300.0,3.799984192553815,6.367673220602352,232.11669993150642,1.3953422274928922,23.414657772507105,0,0,0,0,0.010521101311936398,0.016571519927773764,0.013048971645800515,0.0028751037250909217,2.4969515e-07,4.4132705e-07,LOW RISK
64,60,50.0,5.89,Carbon Steel,ASTM A333 Grade 6,1500.0,-7.265013448614159,10.85058109336158,1192.1079063418142,2.846305523852708,3.0436944761472917,0,0,0,0,0.03418055935681208,0.0393214849789277,0.00575267444569503,-0.0040683915776904556,1.6790539e-06,4.851862e-06,LOW RISK
66,60,300.0,8.07,Fiberglass,API 5L X52,600.0,-18.719204227481924,4.918019416461367,598.737944061909,0.8146427423112227,7.255357257688778,0,0,0,0,0.010277723214571877,0.015286205048508564,0.005367440452966744,-0.010674328245821929,3.0879569e-06,1.5991528e-06,LOW RISK
67,60,300.0,16.31,Carbon Steel,ASTM A333 Grade 6,2500.0,-38.74636674847826,2.975100303599508,1673.1288108706458,0.9894321238290099,15.320567876170989,0,0,0,0,0.01464991272916305,0.020013711520469084,0.007169489539948915,-0.002584578598612275,7.3808263e-07,6.525451e-07,LOW RISK
68,60,300.0,14.96,Carbon Steel,API 5L X52,2500.0,26.47569681213724,14.158699668248202,2077.807286218354,2.2391268976051593,12.720873102394842,0,0,0,0,0.05816735691725139,0.042692817212052425,0.0152486198957273,0.015936895509609528,3.5332434e-08,1.2086855e-07,LOW RISK
71,60,250.0,6.79,Stainless Steel,ASTM A106 Grade B,1500.0,84.76786219502574,3.652946723110777,1079.6442670401598,1.027760930558986,5.762239069441014,0,0,0,0,0.0,0.006307005826528729,0.006941666273439695,-0.0051764699001104475,1.620327e-06,4.3150376e-06,LOW RISK
73,60,500.0,13.73,Fiberglass,ASTM A106 Grade B,2500.0,73.10816890384059,13.235076554118002,2238.074271528025,2.4918585751987488,11.238141424801253,0,0,0,0,0.03711838495246855,0.05012463795690255,0.011603607542544123,-0.022297164485783227,1.1847507e-06,6.814324e-07,LOW RISK
77,60,1200.0,31.11,Carbon Steel,ASTM A333 Grade 6,2500.0,25.40237377246709,13.240377686162367,1706.0954375331366,2.87679983592642,28.23320016407358,0,0,0,0,0.047225813704288466,0.052238672247409745,0.006622760247218356,-0.002517849000487793,1.4841912e-06,9.744659e-07,LOW RISK
78,60,400.0,14.91,Stainless Steel,API 5L X42,2500.0,5.258095340098839,11.191951570704326,2384.085471841992,2.208831619361189,12.701168380638812,0,0,0,0,0.01582175663145069,0.030595218226703007,0.01907420710417016,-0.008013319910842753,3.5008534e-07,8.7665853e-07,LOW RISK
79,60,1200.0,27.92,HDPE,ASTM A333 Grade 6,1500.0,61.66811594069619,9.684058330838198,1495.978409437284,1.7511040376018967,26.168895962398103,0,0,0,0,0.03617837432147564,0.027099917870171852,0.013699977328894329,0.0023982550943719705,5.1774003e-07,1.2129765e-07,LOW RISK
82,60,300.0,11.47,Fiberglass,ASTM A333 Grade 6,900.0,137.52244398953272,8.748583018787357,848.2314423027876,1.6633352185643002,9.8066647814357,0,0,0,0,0.012514548719275043,0.033236804859337665,0.01876785199455575,-0.025590357372477168,1.9445233e-06,3.7884736e-05,LOW RISK
83,60,1500.0,28.64,Stainless Steel,API 5L X52,2500.0,-23.123678473514307,1.354399947765166,2337.043437636075,0.6098098991790788,28.03019010082092,0,0,0,0,0.02168495176750196,0.01169062498634684,0.010941542578193634,0.02168495176750196,3.400037e-07,2.727685e-07,LOW RISK
85,60,600.0,23.37,Stainless Steel,ASTM A333 Grade 6,900.0,64.65337131116942,2.8300386190591675,764.2474329745479,0.6048886088480097,22.76511139115199,0,0,0,0,0.008939980574088624,0.015259693924391268,0.005516213660849305,-0.010168431789268295,3.9363626e-06,9.884051e-07,LOW RISK
87,60,200.0,10.46,Carbon Steel,API 5L X65,1500.0,8.387174508572889,8.466159571074838,1200.8320223900082,1.4010133943527339,9.058986605647267,0,0,0,0,0.02409476012167877,0.03189101228076363,0.008916077886574555,-0.005871124501803049,6.4810945e-07,6.4496425e-07,LOW RISK
97,60,800.0,30.66,HDPE,API 5L X52,600.0,107.36902079148686,10.736423550101781,566.7416165435994,2.5206561338484708,28.139343866151528,0,0,0,0,0.043466871652277916,0.05355791416603539,0.008751889328947026,-0.015609546397474805,1.71032e-05,3.128361e-05,LOW RISK
98,60,150.0,6.98,Carbon Steel,API 5L X52,300.0,47.511322226720175,15.59725731350097,187.1216026882334,2.766667390656978,4.213332609343023,0,0,0,0,0.022822241834729695,0.030520745058921033,0.007046338367882106,-0.013828252693120824,5.3505e-06,2.5065808e-07,LOW RISK
110,60,1200.0,25.68,HDPE,ASTM A333 Grade 6,600.0,45.78814979502121,16.759613431129782,639.4919073585247,3.483494230462941,22.19650576953706,0,0,0,0,0.06208997175251918,0.05489948126215808,0.0072760758132019475,0.014549233326942801,1.1690912e-06,1.0252587e-06,LOW RISK
111,55,50.0,4.8,Carbon Steel,ASTM A106 Grade B,1500.0,120.13412898826384,16.700777203815324,1185.6939421668667,3.650688100780316,1.149311899219684,55,0,55,0,0.05457350115504678,0.06301006695821343,0.01089716418222621,-0.02073980110417839,0.6317092,0.017319342,HIGH RISK (Imminent)
119,60,600.0,26.97,Carbon Steel,ASTM A333 Grade 6,1500.0,85.31929725452576,14.917544388098946,1190.3782777045785,3.7336308568991075,23.23636914310089,0,0,0,0,0.06940751226844677,0.058566566914545724,0.01802646479275018,0.0008728228773113855,1.851465e-05,9.279415e-06,LOW RISK
121,1,200.0,7.56,Stainless Steel,API 5L X52,2500.0,83.93117186482361,1.3494320505632633,2149.719273708115,53.670419758537534,0.0,1,0,1,0,0.0,0.0,0.0,0.0,0.00033582633,3.3797842e-06,LOW RISK
137,60,500.0,13.76,Fiberglass,ASTM A333 Grade 6,2500.0,68.08440575019702,19.54599573096048,2060.3034021100166,3.2186737877044567,10.541326212295543,0,0,0,0,0.060779933675609854,0.05741404419516213,0.006926335985984575,0.011331924319882614,1.1301283e-05,2.5874065e-06,LOW RISK
138,60,250.0,6.77,Carbon Steel,ASTM A106 Grade B,2500.0,73.47740197814835,7.514065513360736,2448.6751924575597,1.242771932833253,5.527228067166747,0,0,0,0,0.005507833960673114,0.012424445756256786,0.006517727191722636,-0.012944183872192871,1.5163494e-06,1.9851007e-06,LOW RISK
140,60,1500.0,27.3,Fiberglass,API 5L X65,1500.0,117.83152281267957,14.550146500832826,1347.2091581180082,3.07687711652662,24.22312288347338,0,0,0,0,0.06146932306313868,0.05202976585946809,0.011749266552446002,0.02259831289810421,3.7264863e-07,2.1886027e-07,LOW RISK
169,60,300.0,10.17,Stainless Steel,API 5L X42,300.0,83.67540917696573,7.943312471046959,225.66113098118637,1.5914471119847196,8.578552888015281,0,0,0,0,0.017192294218153714,0.020146520581247957,0.004640655086131004,-0.0005596358401809276,7.890654e-07,2.9050844e-07,LOW RISK
175,60,1200.0,35.28,Fiberglass,API 5L X65,900.0,72.92861211817836,0.0,939.36793813002,0.2716899880904617,35.008310011909536,0,0,0,0,0.0,0.005594721063425456,0.005052099506896949,-0.006960987050939227,1.6518061e-06,3.447677e-06,LOW RISK
193,60,800.0,28.54,Fiberglass,API 5L X52,900.0,73.56065957571752,14.242394401014478,738.4901438359655,3.3580897053492555,25.181910294650745,0,0,0,0,0.04823268063442354,0.04808838297623863,0.007282632553900969,-0.007065113823158775,8.277698e-05,1.2701539e-06,LOW RISK
197,60,250.0,10.13,Stainless Steel,API 5L X42,600.0,66.95624827774053,0.5890253764406078,543.8846841848082,0.30747130021069907,9.822528699789302,0,0,0,0,0.0,0.00509570575377899,0.004817212639168903,-0.0057120113845089415,1.2075476e-06,2.0477928e-07,LOW RISK
199,60,300.0,11.6,Fiberglass,API 5L X52,900.0,111.42831278156845,1.4740459526607579,748.1719101416613,0.7140851723229503,10.88591482767705,0,0,0,0,0.011578940476773325,0.006582234597008019,0.005950074926088389,0.003411177162522594,5.1910342e-06,5.0405733e-06,LOW RISK
209,60,800.0,24.36,HDPE,API 5L X52,600.0,118.8412504177453,3.3969509683381323,447.79839347216426,0.5748560306986291,23.78514396930137,0,0,0,0,0.01673439440096658,0.010865984844643517,0.005085845752303627,0.008609860668716496,2.8059092e-06,4.7456206e-06,LOW RISK
210,60,1500.0,43.2,Carbon Steel,ASTM A333 Grade 6,900.0,47.8628556032899,13.786952567034405,730.145470541732,2.2726799811403957,40.927320018859604,0,0,0,0,0.021808243373921954,0.030220101605473282,0.013608073237999422,-0.024111704785257704,8.8286043e-07,5.239564e-07,LOW RISK
211,60,800.0,30.44,HDPE,API 5L X42,900.0,16.510925014644076,0.1781954841890505,567.7888325708029,0.44384251587161344,29.99615748412839,0,0,0,0,0.005431122127956989,0.009949837352578927,0.010169446291880907,0.0026082761562873924,4.5938438e-07,5.5740196e-07,LOW RISK
214,60,1500.0,33.41,PVC,ASTM A106 Grade B,300.0,57.281622504270636,10.94680222151717,259.36172542990187,1.8693695146665064,31.54063048533349,0,0,0,0,0.027682822811581742,0.03540093349769154,0.010984764505086148,-0.0028600491428358854,1.0898667e-06,1.4910988e-07,LOW RISK
216,60,300.0,8.68,HDPE,API 5L X52,300.0,-19.950393661174978,2.9486643919017714,302.8951110098203,0.9616011312138575,7.718398868786142,0,0,0,0,0.034012270259482946,0.024173228701064826,0.008673118511975931,0.01637656438693691,1.5370135e-06,6.1835945e-06,LOW RISK
219,60,100.0,4.89,Carbon Steel,ASTM A333 Grade 6,600.0,0.44139299322431835,1.4630695712228068,498.80392234308795,0.6373518507277885,4.252648149272211,0,0,0,0,0.018775365084370277,0.01745410447675196,0.0011724567681404715,0.0017262394333849018,1.1897223e-06,4.721528e-06,LOW RISK
228,60,1200.0,37.12,Stainless Steel,ASTM A106 Grade B,2500.0,97.99547773898608,7.344266295107806,1870.2632837251049,1.8849872618338435,35.235012738166155,0,0,0,0,0.027881867125207016,0.03427731072354715,0.006334392215850943,-0.006519364716013332,2.2272409e-06,2.0462234e-07,LOW RISK
232,60,250.0,9.9,HDPE,API 5L X65,150.0,28.507805434087715,0.0,115.52899568469599,0.3320352692588788,9.56796473074112,0,0,0,0,0.0,0.003141715666594954,0.005441611157477589,0.0,9.713132e-07,1.1270931e-06,LOW RISK
240,60,100.0,7.95,PVC,API 5L X65,2500.0,11.483008844299428,14.315621489044583,1700.345056287078,2.7798333314134345,5.170166668586566,0,0,0,0,0.04459316627474008,0.045367969467721515,0.0012080758522037484,-0.0001576117008101896,5.670179e-07,3.536912e-07,LOW RISK
251,60,1000.0,21.35,Fiberglass,ASTM A333 Grade 6,150.0,54.72185950577869,20.0,108.83616131103294,3.63754290876956,17.71245709123044,0,0,0,0,0.054095441185765036,0.05630365665118949,0.004653347139342155,-0.007554548786541826,1.1960101e-05,8.190376e-06,LOW RISK
255,60,1200.0,37.42,Stainless Steel,API 5L X65,1500.0,91.19249813874846,9.1180097123886,1020.0304607924414,2.2680141063045984,35.151985893695404,0,0,0,0,0.04568991554241242,0.04224407432340257,0.006703007245254104,-0.000833316132488271,4.5800772e-07,7.5553703e-06,LOW RISK
266,60,1200.0,34.42,Carbon Steel,API 5L X42,1500.0,51.401186964885575,10.629671493292019,1348.1633441110248,2.151692705713673,32.26830729428633,0,0,0,0,0.028289218256236648,0.030453712304700915,0.009147965416338322,0.005707112588948071,4.5410383e-07,1.564811e-08,LOW RISK
276,60,50.0,3.76,Fiberglass,ASTM A106 Grade B,2500.0,87.15727968400448,12.84835717936698,1983.1760684282692,2.822023920101405,0.9379760798985948,60,0,60,0,0.06726547737246902,0.05477544423723065,0.010824831280966094,0.018315196785911425,0.97811973,8.2870894e-05,HIGH RISK (Imminent)
281,60,600.0,19.15,Fiberglass,ASTM A106 Grade B,900.0,95.59618257799013,8.917730623835165,651.0964828311968,1.4622641517097597,17.687735848290238,0,0,0,0,0.021391404905670264,0.03421750046636799,0.02005154690598249,-0.0025453424609682695,1.4046548e-06,3.2013381e-06,LOW RISK
292,60,500.0,20.48,Carbon Steel,ASTM A333 Grade 6,300.0,17.617410620118402,1.456909800735325,240.0057492821307,0.462445926593955,20.017554073406046,0,0,0,0,0.00753378882836081,0.007422083629250824,0.006302765893197251,0.006469581232913635,8.0648283e-07,7.5130043e-07,LOW RISK
293,60,500.0,12.51,PVC,API 5L X42,150.0,8.386744290291485,16.323572796223516,120.19453581164774,3.0973282789440355,9.412671721055965,0,0,0,0,0.05099358334887816,0.04915183032442538,0.006195933573108071,0.008749745051687796,9.968909e-07,3.0391305e-09,LOW RISK
295,60,1000.0,29.26,Stainless Steel,API 5L X52,1500.0,32.395950226672205,12.583775905235353,1337.2851445083252,2.1164873505995794,27.14351264940042,0,0,0,0,0.03281909174449282,0.027628481745205786,0.008319168581026923,0.0007857905888917216,6.397154e-06,1.275501e-06,LOW RISK
300,60,200.0,11.96,Carbon Steel,ASTM A106 Grade B,2500.0,66.41790024262518,14.420961888061415,2181.791833836862,2.9471807643313177,9.012819235668683,0,0,0,0,0.03195138060935587,0.04725636445300507,0.01830853967821344,-0.010327324249836956,1.0694965e-06,4.0190915e-07,LOW RISK
301,60,1000.0,30.86,Stainless Steel,API 5L X65,900.0,48.04827122132621,12.761729217339788,714.0582032151108,2.0586412014799396,28.80135879852006,0,0,0,0,0.042648955908352715,0.04210426701327711,0.0024300073044780535,-0.0015667495765097073,5.432892e-06,2.9589515e-07,LOW RISK
306,60,400.0,16.71,Stainless Steel,API 5L X65,600.0,83.40226866855991,4.647011903035378,501.66355398114104,1.0738939890626213,15.636106010937379,0,0,0,0,0.028867152708032195,0.011434939962649068,0.015339608436661762,0.028867152708032195,6.080267e-07,3.5325266e-07,LOW RISK
307,60,300.0,11.47,Stainless Steel,API 5L X52,150.0,57.28102583932177,16.259530329260677,113.6863459286624,2.8218403522401783,8.648159647759822,0,0,0,0,0.04493539726461737,0.04311820391383211,0.0035352369224555167,-0.00043984677268094075,6.5736604e-06,5.9524423e-06,LOW RISK
310,60,800.0,31.61,HDPE,API 5L X65,300.0,85.61987000417881,8.472989285587124,281.5800791460971,1.3935855009476612,30.216414499052338,0,0,0,0,0.023300901104289062,0.017870408892823948,0.010136859535598609,0.0171256178821122,5.570066e-07,5.162791e-08,LOW RISK
312,60,800.0,17.35,PVC,API 5L X65,150.0,27.104024667377693,15.44448083747115,122.10390545294487,2.5675715631390315,14.78242843686097,0,0,0,0,0.05487630425755752,0.04581969123698452,0.009926219066440327,0.007501076551158725,8.369947e-07,5.4555006e-08,LOW RISK
315,60,500.0,15.5,HDPE,ASTM A333 Grade 6,2500.0,26.28413697899425,9.266313751804487,1958.3438656393137,2.1278166930846183,13.372183306915382,0,0,0,0,0.04264709052745186,0.04060900657030123,0.013702230431290782,-0.01053094895109652,1.052254e-06,3.0521917e-07,LOW RISK
320,60,200.0,9.94,Carbon Steel,ASTM A333 Grade 6,1500.0,34.86560248911647,0.4939823449372609,973.9752819314494,0.35456332990651607,9.585436670093483,0,0,0,0,0.0,0.0,0.0,0.0,1.4246878e-06,2.204833e-06,LOW RISK
324,60,50.0,5.82,Fiberglass,API 5L X42,900.0,64.73338693113288,6.492028034315807,764.5482515548014,1.2038261003989037,4.616173899601097,0,0,0,0,0.026130924194916583,0.022565673943291936,0.008202770559129702,0.012947361401385749,3.4785467e-06,1.2002821e-06,LOW RISK
332,60,50.0,5.74,HDPE,ASTM A106 Grade B,300.0,22.633713099212276,9.093733532045896,266.7670078674275,1.5856389406627638,4.154361059337236,0,0,0,0,0.022436042431287273,0.02553269895137511,0.007539007576991905,0.002400912894642504,1.0923058e-06,3.3826475e-06,LOW RISK
333,60,500.0,10.93,PVC,API 5L X52,600.0,96.75034416066757,9.504562663516142,465.0671913664868,2.3632562954595726,8.566743704540427,0,0,0,0,0.04251616208772813,0.04187066068116074,0.0017028167247319806,0.002576692580809503,4.545749e-06,2.4444182e-05,LOW RISK
339,59,50.0,4.43,HDPE,ASTM A106 Grade B,600.0,10.386638600289174,17.24336026212379,504.98752589922395,3.360580972577438,1.069419027422562,59,0,59,0,0.059029966584486004,0.050629099810986546,0.014857117207489924,-0.00035257994601733955,0.927193,2.910006e-05,HIGH RISK (Imminent)
343,60,1200.0,24.59,Stainless Steel,API 5L X65,300.0,67.56496382016196,12.578800349878174,208.33050230791355,2.6908350729267387,21.89916492707326,0,0,0,0,0.03377389667237285,0.042606376726493554,0.008103064528356877,-0.01592269218666109,3.3073595e-06,8.36852e-08,LOW RISK
345,60,1500.0,39.33,HDPE,ASTM A333 Grade 6,300.0,-15.789611131991833,5.963320078860415,241.12430762567067,1.3650157978982413,37.96498420210176,0,0,0,0,0.026531291122671163,0.025004365078781527,0.002874537094984303,0.004842708824957409,8.1716763e-07,4.8197785e-07,LOW RISK
351,60,400.0,12.9,PVC,API 5L X65,1500.0,18.346097598634334,20.0,1261.9296500328153,3.2893107123109764,9.610689287689024,0,0,0,0,0.0615010030085652,0.05992987529966198,0.0013869073807515255,0.0026253556184863136,1.5124677e-05,4.7992756e-07,LOW RISK
353,60,1500.0,36.13,Stainless Steel,API 5L X52,900.0,57.35751941143941,3.163771434434456,802.9866938998495,0.764942666157936,35.36505733384207,0,0,0,0,0.013897019318736548,0.016786569928363287,0.002712431458611131,-0.005380823584512862,8.260063e-06,3.9288543e-06,LOW RISK
356,60,1000.0,26.19,HDPE,API 5L X65,900.0,24.239421755604898,4.342113752257222,755.8492345353055,0.8326264241882076,25.357373575811792,0,0,0,0,0.010791471152493015,0.019618001540961532,0.00943975908440041,-0.007700994038361109,1.989232e-06,1.1294991e-06,LOW RISK
363,60,50.0,3.93,Fiberglass,ASTM A333 Grade 6,1500.0,62.67458908596733,13.514942836973065,1083.6129622411486,2.269021284242959,1.6609787157570413,0,0,0,0,0.026031471705774578,0.029634814222529265,0.004883643708964725,-0.0016484304995580956,0.006720678,1.7642977e-05,LOW RISK
364,60,800.0,21.5,PVC,ASTM A106 Grade B,150.0,30.13637146325315,14.140228236513973,121.00586204675423,2.975918271446621,18.52408172855338,0,0,0,0,0.0533777193657734,0.05617994541349628,0.011994243557506931,0.007542831598037925,2.620806e-06,2.18189e-07,LOW RISK
366,60,1200.0,24.51,Fiberglass,API 5L X65,1500.0,141.59317560612934,8.208948216500776,1206.0272621463657,2.1398287531458897,22.370171246854113,0,0,0,0,0.04036508270299555,0.03506600650955664,0.004790956770945109,0.006572710804022108,9.237089e-07,8.057594e-07,LOW RISK
368,60,300.0,15.67,Fiberglass,ASTM A333 Grade 6,300.0,40.734353242658294,4.621912683854651,214.23161062700063,0.9582450402637286,14.711754959736272,0,0,0,0,0.0,0.005851580725575974,0.005537443706103787,-0.006545211807013396,5.379585e-07,3.1897167e-07,LOW RISK
369,60,200.0,6.3,Carbon Steel,API 5L X42,300.0,61.81713537270397,3.315478941182658,273.9959223223193,0.8683999963450445,5.431600003654955,0,0,0,0,0.018950148792827526,0.010336118332808083,0.008326548112325069,0.009222361749455565,1.2347746e-06,2.2655979e-07,LOW RISK
376,60,800.0,22.07,Fiberglass,API 5L X52,600.0,17.145693262891456,3.6450158927041816,449.1629901944367,0.53462314802396,21.53537685197604,0,0,0,0,0.0,0.009117342749183374,0.01251148271911181,-0.023381308850163762,1.199305e-06,2.656653e-06,LOW RISK
383,60,1200.0,34.92,HDPE,ASTM A333 Grade 6,300.0,83.37160417865472,3.8474726206816823,244.22546373511173,0.8066020361804469,34.11339796381955,0,0,0,0,0.018824754564926383,0.015540862134026093,0.014186889223326485,0.018824754564926383,5.982805e-07,1.6596807e-07,LOW RISK
389,60,300.0,12.86,Fiberglass,ASTM A333 Grade 6,900.0,93.66074035016908,13.005099166271275,718.6774107822121,2.588762115525589,10.27123788447441,0,0,0,0,0.039443354575432465,0.03784184445538304,0.0022320926674330955,0.000653376482202539,4.448501e-06,1.6208185e-06,LOW RISK
394,60,150.0,9.73,Stainless Steel,ASTM A106 Grade B,600.0,59.37178122175267,9.232295735889615,384.45493226714535,1.338795962718002,8.391204037281998,0,0,0,0,0.01840545586651876,0.0210612883784352,0.006538071894626824,0.002136406405876645,6.13227e-07,7.8409795e-07,LOW RISK
399,60,600.0,14.15,PVC,API 5L X42,150.0,86.28775701287744,9.62428255150629,122.39784235614732,2.052221483754254,12.097778516245747,0,0,0,0,0.009904676077323149,0.02686529232137258,0.015638251976453157,-0.02007361150528375,2.0987065e-06,1.7029257e-07,LOW RISK
405,60,100.0,4.72,Stainless Steel,ASTM A106 Grade B,300.0,50.785188118469165,7.937412651157545,253.63463755644267,1.653126918714024,3.0668730812859755,0,0,0,0,0.0313737133407308,0.03445866329888081,0.009959596517399066,-0.01422200025904985,7.826486e-07,1.3049265e-07,LOW RISK
409,60,1500.0,29.22,Stainless Steel,ASTM A106 Grade B,2500.0,-11.07293672224064,7.69296715583493,1822.9303087033245,1.8323231933832458,27.387676806616753,0,0,0,0,0.04253817585454156,0.034459744173070815,0.007239127536895962,0.013977532914186686,9.039063e-07,9.379207e-07,LOW RISK
412,60,1500.0,38.34,Carbon Steel,ASTM A333 Grade 6,2500.0,19.757167523186418,14.711504209812722,1827.0870330202722,3.1255691893488313,35.21443081065117,0,0,0,0,0.053975763187995796,0.05567498917054022,0.007121354216890029,-0.009516489881949308,9.276362e-06,1.1893101e-07,LOW RISK
413,60,100.0,7.37,PVC,ASTM A106 Grade B,300.0,56.916474810930154,13.73894071713676,273.2787321504577,2.222465684482197,5.147534315517803,0,0,0,0,0.029803227967570844,0.03757692297137716,0.007912028274555675,-0.007503928389843484,1.1497407e-06,3.8787256e-08,LOW RISK
421,60,800.0,29.29,HDPE,API 5L X42,150.0,68.27792400320943,10.772244599120201,133.69616824583727,1.712227036363147,27.577772963636853,0,0,0,0,0.043313050486633475,0.04157184589856137,0.009595563984336064,0.012088146001955291,1.98773e-06,5.808658e-07,LOW RISK
425,60,1000.0,29.05,PVC,ASTM A106 Grade B,1500.0,27.26824930039372,5.776859030040006,1240.579233883695,1.5492418201125333,27.500758179887466,0,0,0,0,0.024889462378772542,0.03019420850975137,0.008488837909536709,-0.015095404734241757,1.5343846e-06,2.4280976e-06,LOW RISK
429,60,400.0,18.41,Carbon Steel,ASTM A106 Grade B,2500.0,33.32038724934905,5.35232770539016,2216.3039510297053,1.0896522332578362,17.320347766742163,0,0,0,0,0.02350792177707728,0.02724546247115726,0.0034107553423367407,-0.004530976592982849,1.7089957e-06,8.025354e-07,LOW RISK
430,60,800.0,29.96,Fiberglass,ASTM A106 Grade B,2500.0,28.372712654777473,1.8611508835887138,2339.729710915904,0.40010421699310544,29.559895783006894,0,0,0,0,0.0,0.007994009056196497,0.012150224742031212,-0.021975993588729092,7.9436273e-07,1.2513495e-06,LOW RISK
433,60,600.0,21.1,Carbon Steel,API 5L X52,1500.0,13.850265543058706,2.140313752683427,1442.1179166323793,0.7153422419439934,20.384657758056008,0,0,0,0,0.01144776768898581,0.011122825191711668,0.0029547379849739473,0.0034287205711075464,1.8088259e-06,1.0503651e-06,LOW RISK
434,60,1000.0,32.07,Stainless Steel,API 5L X52,150.0,93.70913245635832,2.025450660525839,123.2883252745285,0.3294645414136301,31.740535458586372,0,0,0,0,0.006611728092418279,0.0077783790790065255,0.003341251524229502,-0.004934808634766752,4.00908e-06,3.0467245e-07,LOW RISK
443,60,250.0,11.74,Stainless Steel,API 5L X65,1500.0,58.07230933967903,7.023353572451671,1291.2083609320157,1.5935053529759566,10.146494647024044,0,0,0,0,0.029706619002279222,0.021434048547355644,0.008782697775233076,0.017489132619947778,2.9440503e-07,2.1058366e-07,LOW RISK
451,60,200.0,8.62,PVC,ASTM A106 Grade B,2500.0,49.380741536954055,10.14517803807202,2164.5362942854567,2.187711592142726,6.432288407857273,0,0,0,0,0.04366881652871912,0.04172474962432678,0.011101433149152032,0.013889125047553463,3.106226e-07,3.767836e-07,LOW RISK
457,60,100.0,7.89,Stainless Steel,ASTM A106 Grade B,600.0,-32.01182281255733,18.61049378931725,557.9598160365096,3.7172887432190915,4.172711256780908,0,0,0,0,0.03322046883737473,0.055210047073898615,0.019079664628358462,-0.034158010854950405,1.2245639e-05,5.8778005e-07,LOW RISK
466,60,300.0,13.68,Carbon Steel,API 5L X65,900.0,11.119268879009912,17.618473004116836,696.0818835407783,3.719169751497003,9.960830248502997,0,0,0,0,0.06956279321817949,0.06260216051475724,0.01116976787554842,0.019844454181928928,3.4153305e-07,3.119314e-08,LOW RISK
469,60,500.0,10.21,Carbon Steel,ASTM A333 Grade 6,300.0,70.9683867961685,17.244092357363318,274.009777543968,3.5681203743213534,6.641879625678648,0,0,0,0,0.06140496495483916,0.05529520825479809,0.006945728261906671,0.004665046636886938,9.636656e-06,2.4614378e-06,LOW RISK
478,60,150.0,8.75,Fiberglass,ASTM A333 Grade 6,900.0,2.6981171022385806,16.694763742609315,834.4982267630318,3.4816996039996018,5.268300396000399,0,0,0,0,0.060860380027083494,0.05480648628651089,0.011437597539128064,-0.0010843655061099078,2.5122338e-06,2.2695845e-06,LOW RISK
486,60,200.0,7.76,PVC,ASTM A106 Grade B,600.0,70.12038832812308,6.923543784610399,687.2032493728756,1.1354756586847894,6.62452434131521,0,0,0,0,0.013518791328871904,0.018026070346262097,0.007344974870136198,-0.01298281395573353,3.2972596e-06,2.2357917e-06,LOW RISK
491,60,250.0,8.98,HDPE,API 5L X42,2500.0,-0.5725049031260672,15.156444708920814,2316.550214481425,3.3983944242528934,5.581605575747107,0,0,0,0,0.06751270448729318,0.054602239759532566,0.012181967415770423,0.014529349760872723,5.078287e-07,7.42139e-07,LOW RISK
494,60,800.0,26.68,Stainless Steel,ASTM A106 Grade B,150.0,79.31555446338588,2.2848374486246135,103.97717830775909,0.4978506085358403,26.182149391464158,0,0,0,0,0.019385980201712283,0.006461993400570761,0.011192500887963345,0.019385980201712283,1.0320719e-06,3.30638e-08,LOW RISK
495,60,800.0,28.91,HDPE,API 5L X52,2500.0,108.69971524142355,7.0144903286203535,2079.9488615739147,1.3577909614986985,27.552209038501303,0,0,0,0,0.03818060455880867,0.02696889895776196,0.009715926583710748,0.01646759766570005,6.0135e-07,6.4474597e-07,LOW RISK
500,60,300.0,13.22,Carbon Steel,API 5L X65,300.0,-23.452202442284495,18.08933217039653,290.2459230130142,3.223476913500254,9.996523086499746,0,0,0,0,0.042176963475211604,0.05343687986578501,0.00988081930245082,-0.01529572834236248,1.3698485e-05,1.9551671e-06,LOW RISK
514,60,1500.0,32.52,Stainless Steel,API 5L X42,300.0,49.92475205578568,17.063751754456852,257.8791130516836,2.713150149850607,29.806849850149398,0,0,0,0,0.03382446872217271,0.048058507037130806,0.0126056432168633,-0.0239866514941105,6.918295e-07,1.5700853e-07,LOW RISK
522,60,1200.0,29.77,Carbon Steel,API 5L X42,150.0,130.11418270440123,6.778319397371266,138.00897208034849,1.3764487352382753,28.393551264761726,0,0,0,0,0.020290812804813374,0.026101784622694597,0.005078216544847387,-0.008036209114030912,2.536544e-06,9.428891e-07,LOW RISK
531,60,250.0,9.01,HDPE,API 5L X65,1500.0,10.98017019629614,16.33424587419264,765.7280718068718,2.805114922407436,6.204885077592564,0,0,0,0,0.05395662226936837,0.059362002659230306,0.008092695337889526,-0.0015066983817906276,1.9141482e-06,1.0984903e-05,LOW RISK
532,60,400.0,12.1,HDPE,API 5L X52,2500.0,50.17610338584696,3.86457982564839,1875.7228156688022,0.7232582617423228,11.376741738257676,0,0,0,0,0.024210814333987196,0.010624534547921892,0.012298381781668777,0.01680032124111841,4.209807e-07,9.531827e-08,LOW RISK
538,60,1200.0,33.44,Fiberglass,API 5L X65,300.0,68.67894829372032,6.242445355238688,254.0254527555552,1.3325598827849052,32.10744011721509,0,0,0,0,0.026780739718891722,0.022244825473302088,0.004428888777985439,0.008849395085005263,1.0660658e-06,2.1283251e-06,LOW RISK
542,60,50.0,3.27,Stainless Steel,API 5L X42,300.0,43.57278092860935,1.5308580279349524,242.90225102403446,0.3273328016108268,2.9426671983891732,0,0,0,0,0.0009387681513249313,0.00556216013334726,0.008320329421061208,-0.014228651341539,4.0057553e-06,2.108536e-05,LOW RISK
553,60,1500.0,40.66,Stainless Steel,API 5L X42,1500.0,92.05142127226559,9.090964189113356,1070.211169967272,1.9196470393702612,38.740352960629735,0,0,0,0,0.027228024187137434,0.029472775231286514,0.002756040265675527,-0.005320732849067866,4.2205024e-06,3.011926e-06,LOW RISK
571,60,250.0,13.81,Stainless Steel,ASTM A333 Grade 6,300.0,-1.5027344485362732,6.997648788952192,257.8183474803145,0.901462123086431,12.90853787691357,0,0,0,0,0.010720458905226882,0.012954209718180657,0.01420343861908579,-0.01742171134408821,3.61107e-07,1.2404032e-06,LOW RISK
573,60,800.0,30.08,Stainless Steel,API 5L X52,2500.0,79.38354506603169,0.49750936762065523,2271.008738046097,0.35698390474501407,29.723016095254984,0,0,0,0,0.02297434350798294,0.016447254743122364,0.008852127888823579,0.01660297506118591,1.3571849e-06,1.1380257e-06,LOW RISK
577,60,300.0,10.62,Fiberglass,API 5L X65,2500.0,28.995405115053135,3.2689511404805347,2112.9973696823317,0.9692870465230344,9.650712953476965,0,0,0,0,0.022215258358017187,0.013222250522766599,0.007937482110215357,0.011957199837393295,5.0427093e-07,3.0634217e-07,LOW RISK
579,60,500.0,21.72,Stainless Steel,API 5L X65,600.0,52.95882348920603,3.411994192209123,465.9390220199992,0.7405994140425626,20.979400585957436,0,0,0,0,0.02454034205641764,0.016694726849205328,0.007004317045757628,0.010066894441157825,8.9934133e-07,7.853103e-07,LOW RISK
581,60,800.0,26.21,Fiberglass,ASTM A333 Grade 6,600.0,115.98497832475384,4.864975213791823,625.4011692002722,0.8833348103450794,25.32666518965492,0,0,0,0,0.03171517259060774,0.012748216838731988,0.016638706599012478,0.03110326219706039,7.6855974e-07,4.0763557e-06,LOW RISK
583,60,150.0,9.5,Carbon Steel,ASTM A106 Grade B,300.0,-9.875049208132346,15.598078375357623,264.84241659074615,2.7193331328514367,6.780666867148563,0,0,0,0,0.05206899386935282,0.045073139499712735,0.00682650226234155,0.013639357712629696,3.095329e-07,2.345165e-08,LOW RISK
584,60,150.0,7.12,Carbon Steel,API 5L X52,150.0,44.30628149580236,11.720485147134582,114.91997375624959,2.5864171101231377,4.533582889876863,0,0,0,0,0.054794848106240135,0.05335559115151719,0.015853774114536312,0.017963585942959437,1.8500722e-06,1.6479449e-07,LOW RISK
591,60,1500.0,36.36,PVC,ASTM A333 Grade 6,300.0,60.029373421844845,14.052313110199806,236.68759567444556,2.5549381969237372,33.80506180307626,0,0,0,0,0.041750144346333506,0.04356681972234355,0.00218551889289581,-0.0012080223702883863,1.409546e-06,3.0736464e-07,LOW RISK
592,60,300.0,17.1,Fiberglass,API 5L X52,900.0,99.11616716620756,1.1492477369494483,682.8258465669585,0.26644656908669,16.833553430913312,0,0,0,0,0.0,0.00439284759275164,0.004462901722949985,-0.008922650764379592,1.127164e-05,1.5516424e-06,LOW RISK
598,60,400.0,10.84,Stainless Steel,API 5L X52,600.0,49.796606353856745,18.85482005894706,532.3536462230763,3.7599230457881068,7.0800769542118935,0,0,0,0,0.06346759160401216,0.07334601615630525,0.013188075981659391,-0.004780809920919893,9.023525e-06,1.9750885e-06,LOW RISK
604,60,200.0,8.69,Carbon Steel,API 5L X65,2500.0,43.62280651310605,2.05938245070777,1751.5241016503571,0.4529653148277218,8.237034685172278,0,0,0,0,0.00806023991267052,0.00747557629206889,0.005544366979680105,-0.004644202948383136,4.6028865e-07,4.4894396e-08,LOW RISK
612,60,1000.0,24.04,Carbon Steel,ASTM A106 Grade B,300.0,105.41990327035164,12.512476500499972,213.55103082512616,2.063351906148463,21.976648093851537,0,0,0,0,0.029712490989711515,0.035258309328753956,0.006465754251689461,-0.012647572880714941,4.735498e-06,1.0128542e-05,LOW RISK
614,60,1000.0,17.8,PVC,API 5L X42,150.0,73.78000739648843,4.667454579942452,138.36730571886437,0.914284181528486,16.885715818471514,0,0,0,0,0.022909348347512126,0.01744975256671777,0.00549900855955796,0.005381599951766791,3.4440257e-06,3.1189128e-07,LOW RISK
617,60,250.0,14.41,HDPE,ASTM A333 Grade 6,1500.0,6.24460651310765,3.605444338700183,1357.4748322301584,1.030681383975264,13.379318616024737,0,0,0,0,0.01935572168383204,0.025622092736866182,0.010729996941458894,-0.018656028895341348,5.761234e-07,1.232263e-06,LOW RISK
630,60,600.0,19.72,PVC,ASTM A106 Grade B,1500.0,-12.948737630252745,10.06453779901651,1179.9632792190303,1.580021858063818,18.13997814193618,0,0,0,0,0.012458238807323774,0.03003055970271788,0.015614920054913432,-0.029856463916419607,6.1053044e-07,3.3923068e-06,LOW RISK
636,60,400.0,19.8,Fiberglass,API 5L X52,1500.0,60.453565325747405,7.332008200915547,1201.848349663685,1.431396045453686,18.368603954546316,0,0,0,0,0.027521351570873653,0.014946531736309629,0.010934499394602845,0.017878000811628825,4.363261e-07,2.3745159e-08,LOW RISK
645,60,1200.0,36.51,PVC,API 5L X65,600.0,64.67129553734142,2.780625602766123,355.56420015043534,0.6640256644022138,35.84597433559779,0,0,0,0,0.018118809807769587,0.02167302142608618,0.004292781002004495,-0.0023390518041823682,9.130397e-07,7.533121e-07,LOW RISK
652,60,250.0,6.62,Stainless Steel,ASTM A106 Grade B,1500.0,37.38601627560018,18.731699858881544,1292.6062734069317,3.7488823961127027,2.8711176038872974,0,0,0,0,0.06846545412012439,0.06847780132741121,0.002345102248561516,0.0023265570590056406,1.8055644e-05,1.8048233e-07,LOW RISK
656,60,250.0,7.62,PVC,ASTM A333 Grade 6,900.0,51.84560326097126,13.727113022331187,670.2510643545434,2.6366367974870464,4.983363202512954,0,0,0,0,0.028133275245751932,0.04225031360078398,0.012226099269195906,-0.02107847817249553,2.5522725e-06,4.36096e-07,LOW RISK
657,60,400.0,10.62,Fiberglass,API 5L X42,150.0,53.90420517733646,17.499696873327096,96.5421305033358,3.4449864403205153,7.175013559679484,0,0,0,0,0.05367020596891958,0.056664680835006496,0.004391917213503811,-0.0009471704362726818,3.0206853e-05,5.3966136e-07,LOW RISK
666,60,400.0,18.23,Stainless Steel,ASTM A333 Grade 6,1500.0,49.202456375301026,2.570211490629436,1278.0467079186194,0.36897162280597623,17.861028377194025,0,0,0,0,0.0028904720521328864,0.005290430500583069,0.005383209369773515,-0.008565729925992138,6.6299947e-07,2.3192761e-07,LOW RISK
679,60,1500.0,38.44,HDPE,API 5L X52,2500.0,79.70190084249691,19.53981013926073,2206.4948560513335,3.9422303997334396,34.49776960026656,0,0,0,0,0.05808524022026429,0.06569956827554775,0.007342858964986562,-0.008191308809552655,9.988075e-06,2.0433072e-06,LOW RISK
680,60,1000.0,19.27,Carbon Steel,API 5L X65,1500.0,14.657159538738787,1.4294014849280117,1392.8441499549335,0.3615936775161828,18.908406322483817,0,0,0,0,0.0,0.014802505797637108,0.012831200796967555,-0.021652323772561044,4.2387686e-07,1.175624e-06,LOW RISK
685,60,1200.0,29.76,HDPE,ASTM A333 Grade 6,1500.0,26.664655626294824,2.522906315930156,1204.8260589386111,0.5846505557244908,29.17534944427551,0,0,0,0,0.015925739774036662,0.009451859474506663,0.008370099570048695,0.015925739774036662,4.2510106e-07,7.4771397e-06,LOW RISK
686,60,250.0,14.25,Fiberglass,ASTM A106 Grade B,600.0,80.12231555294755,7.954751602272395,561.197003367611,1.6527073688320761,12.597292631167925,0,0,0,0,0.03713670330971697,0.027216778234957866,0.012100014327932174,0.023400841879093637,5.110137e-07,3.5016816e-07,LOW RISK
688,60,200.0,6.0,Carbon Steel,ASTM A333 Grade 6,2500.0,49.15103310871707,7.8240000296659975,2208.813184104508,1.2323235642205226,4.767676435779477,0,0,0,0,0.012586136692690708,0.01313880647244825,0.008883104986981348,-0.009699205980522096,8.7140063e-07,1.05878236e-07,LOW RISK
689,60,150.0,7.85,Stainless Steel,API 5L X65,1500.0,81.27315958951624,13.439209357161479,1414.5177010920168,2.703422025404388,5.146577974595612,0,0,0,0,0.032572146154038695,0.043950597583123585,0.009913545320329096,-0.01815234904110863,1.1830999e-06,6.967837e-08,LOW RISK
696,60,100.0,7.56,PVC,ASTM A106 Grade B,150.0,39.53457527719985,9.055060293457812,139.7317539080016,2.175764578774671,5.384235421225329,0,0,0,0,0.03669602549461892,0.037423498642778164,0.011177206850896057,-0.01225064698859546,2.618233e-06,6.2308226e-07,LOW RISK
698,60,400.0,15.86,Carbon Steel,ASTM A333 Grade 6,150.0,25.524325037927365,1.427871308893165,134.6676692049024,0.33362685674445863,15.52637314325554,0,0,0,0,0.0,0.006045811272548385,0.010471652297026447,-0.018137433817645154,1.0821776e-06,5.9940153e-06,LOW RISK
706,60,50.0,5.91,Stainless Steel,ASTM A333 Grade 6,1500.0,68.75262572263539,12.919107197311297,1327.0095314389007,2.00428857602895,3.90571142397105,0,0,0,0,0.013820620115155169,0.024111542847082834,0.01319507863394053,-0.0057058762925406015,3.1324598e-06,1.0034485e-06,LOW RISK
710,60,50.0,5.77,HDPE,ASTM A106 Grade B,600.0,146.5402345052204,16.097500309116615,524.1054813714056,3.4322119387658176,2.337788061234182,0,0,0,0,0.053830612161086755,0.05257058570388325,0.001470117616985465,0.0009049022318774469,3.840022e-05,1.7927166e-05,LOW RISK
712,60,1000.0,17.02,Stainless Steel,API 5L X42,2500.0,57.81137976410142,11.72062255749257,2153.7471459026706,2.591292517319825,14.428707482680174,0,0,0,0,0.04359625871617823,0.04540796089044704,0.0015699237229298553,-0.002663129740476222,1.1509882e-06,5.562841e-07,LOW RISK
715,60,150.0,8.14,HDPE,API 5L X52,900.0,52.50034629507609,14.507513543116376,816.2622854745923,2.999696772812016,5.140303227187985,0,0,0,0,0.07033240550067443,0.05704793760993251,0.01153670507742109,0.02078562481768831,1.484698e-06,3.529613e-08,LOW RISK
718,60,1500.0,39.12,Fiberglass,API 5L X52,2500.0,42.720543102923806,1.8960493409836003,1849.1468808351744,0.6019148277203826,38.51808517227961,0,0,0,0,0.0,0.008091774932356207,0.009999025888927827,-0.01927018667543079,1.2074024e-06,7.778544e-07,LOW RISK
729,60,800.0,24.54,HDPE,API 5L X65,600.0,50.90382007035732,17.570464872412114,545.5487704569015,3.5751018188478105,20.96489818115219,0,0,0,0,0.04725519951822976,0.05931248420051919,0.010615858619077602,-0.01617206475359456,2.2851804e-05,4.0905583e-08,LOW RISK
731,60,800.0,28.92,Stainless Steel,API 5L X65,900.0,41.09105511136845,10.927002153769452,839.2105635716081,2.296732014613363,26.62326798538664,0,0,0,0,0.029843344438629682,0.03465006675702428,0.0041647165224870785,-0.007081907317319391,6.629185e-07,1.2926671e-06,LOW RISK
737,60,150.0,5.13,Stainless Steel,API 5L X52,300.0,76.1135654973412,3.9237229672693656,271.9819661352216,0.97497034092584,4.1550296590741596,0,0,0,0,0.0,0.0064413691654019445,0.011009186252004075,-0.00017080755028608952,1.3995362e-06,2.0903637e-07,LOW RISK
738,60,800.0,28.48,Carbon Steel,API 5L X52,2500.0,70.35192065095134,5.639049884849844,1963.8018132076463,1.2663458483418142,27.213654151658186,0,0,0,0,0.018893271737272288,0.017753143852265712,0.01009080616030597,-0.008332190871294332,1.8170489e-06,4.693258e-08,LOW RISK
745,60,1500.0,49.53,PVC,API 5L X65,150.0,11.857800225427386,14.687994447070862,118.63604980740196,2.5980636988086383,46.931936301191364,0,0,0,0,0.04229001380165531,0.035440008683193934,0.006136821278854773,0.011846200796437945,1.3904843e-06,8.615527e-08,LOW RISK
759,60,1000.0,22.01,Carbon Steel,ASTM A333 Grade 6,900.0,8.5242154823175,0.9252268761431154,583.6677059849718,0.42969493775142426,21.580305062248577,0,0,0,0,0.0,0.0,0.0,0.0,1.4320818e-06,3.8982535e-06,LOW RISK
778,60,1000.0,15.99,Carbon Steel,ASTM A106 Grade B,900.0,76.0521534739338,10.037786710088874,701.5320892306823,2.3694674880567046,13.620532511943296,0,0,0,0,0.02923541517348216,0.03221921232052072,0.008078724884154856,0.0031786175532020344,1.0311333e-06,7.8109636e-08,LOW RISK
784,60,1200.0,33.99,Carbon Steel,API 5L X65,1500.0,109.84788079026006,17.761743031569527,1159.7839876637709,2.9061030169144666,31.083896983085534,0,0,0,0,0.04285240726938033,0.040049103658756025,0.005828135444735164,0.009503377767181576,1.5145516e-06,2.7874662e-06,LOW RISK
785,60,300.0,7.84,Stainless Steel,ASTM A106 Grade B,900.0,70.14981695474941,0.43376712144503315,900.8575375556422,0.33335245587259904,7.506647544127401,0,0,0,0,0.009843109752407264,0.0044852668211653275,0.004979231286091369,0.009843109752407264,5.0669763e-07,1.0442246e-06,LOW RISK
792,60,50.0,3.43,HDPE,ASTM A333 Grade 6,1500.0,10.81239274417322,9.535228539124162,1006.0276364757034,2.0042799030810436,1.4257200969189565,0,0,0,0,0.03868502806610552,0.03929385856254856,0.0020227595910686184,-0.0028660771334974022,0.1568903,0.006115415,HIGH RISK (Imminent)
794,60,1000.0,26.39,Carbon Steel,ASTM A333 Grade 6,2500.0,18.856452578430094,12.38989686619121,2368.402663441723,3.2558440916699043,23.134155908330097,0,0,0,0,0.053794445002317115,0.0458489384910159,0.01221246220777083,0.0018288629621183716,7.4053975e-07,3.7033448e-07,LOW RISK
796,60,150.0,8.92,Carbon Steel,API 5L X65,1500.0,51.44945034121253,18.895158132311277,1127.185383493352,2.817829767833774,6.102170232166226,0,0,0,0,0.052058891521926665,0.04090076884219229,0.009691160510634789,0.01600178226485438,3.9507145e-07,1.6766265e-06,LOW RISK
805,60,500.0,16.93,Fiberglass,API 5L X42,1500.0,59.187849631995164,3.5972745734975557,1161.9371585806728,0.7178961211475215,16.212103878852478,0,0,0,0,0.006092774110661225,0.006329005583256664,0.006450366446221188,0.006092774110661225,4.941172e-07,2.771044e-07,LOW RISK
811,60,1200.0,36.4,HDPE,API 5L X52,150.0,33.21339943747886,4.700072553112886,131.88738107039353,0.9797906703550027,35.420209329645,0,0,0,0,0.02472584001391931,0.01266375308979358,0.01237389561656576,0.011460420758457879,3.2024252e-06,1.581264e-06,LOW RISK
812,60,250.0,7.87,Carbon Steel,API 5L X65,2500.0,6.77265216080648,1.5156194158087732,1962.6139887770935,0.5351601743069786,7.334839825693021,0,0,0,0,0.020318221444576956,0.01312930790052417,0.007048310511250308,0.014087658833309868,3.8835785e-07,5.160994e-07,LOW RISK
813,60,800.0,24.15,Fiberglass,API 5L X42,900.0,-48.937351995683784,19.150706989274514,892.6924491336093,3.8905233756499062,20.259476624350093,0,0,0,0,0.057783170101278536,0.05771011121747449,0.005157870273763204,-0.0050478938662741335,2.3301038e-05,2.3743578e-07,LOW RISK
817,51,50.0,4.35,Fiberglass,API 5L X52,300.0,25.461009515397617,17.21939868650483,255.7082177851296,3.3011683768996534,1.0488316231003463,51,0,51,0,0.07146294462646585,0.06281988820823632,0.008102690546033266,0.016067289237559734,0.9999888,0.9777515,HIGH RISK (Imminent)
822,60,1000.0,22.79,Fiberglass,API 5L X65,600.0,20.979541045153674,11.08809172273632,427.84695863760646,1.7922915259970682,20.99770847400293,0,0,0,0,0.033409584906629375,0.025478228151799637,0.007913132000552055,0.01582613720254944,2.082416e-06,1.1892912e-06,LOW RISK
827,60,600.0,23.85,Fiberglass,ASTM A106 Grade B,2500.0,49.12859710454774,5.031408965602503,2239.9962497242454,0.9748445050958753,22.875155494904128,0,0,0,0,0.007703275529693521,0.01094717018449313,0.002892160537576655,-0.005553194276541662,1.0280697e-06,1.8972759e-07,LOW RISK
829,60,250.0,9.25,Carbon Steel,ASTM A106 Grade B,300.0,75.09009361244722,1.4746089772780215,265.85680969089486,0.663438539961004,8.586561460038997,0,0,0,0,0.014223699269400591,0.012208620841603013,0.011336209041523729,0.014223699269400591,5.1886155e-07,1.5200587e-07,LOW RISK
833,60,250.0,10.56,Carbon Steel,API 5L X42,150.0,118.03625175500896,6.5606868956901065,108.67118210975265,1.8270444894857283,8.732955510514273,0,0,0,0,0.027112943309988813,0.027494149038530907,0.014008663663989493,-0.0145765816825556,1.7629253e-06,7.8366065e-07,LOW RISK
834,60,600.0,10.09,Stainless Steel,ASTM A333 Grade 6,300.0,-18.269343898424463,2.2021020100425943,242.2313673144392,0.6180755889339634,9.471924411066036,0,0,0,0,0.004175527570644877,0.005888576223719522,0.006906321973302846,0.004175527570644877,7.0638885e-07,4.6282054e-07,LOW RISK
840,60,150.0,8.31,Carbon Steel,API 5L X42,900.0,-18.202284036531537,2.73470021924869,929.0295047286804,0.5026444802361981,7.807355519763802,0,0,0,0,0.0,0.004107270580031426,0.00448845205963395,-0.0034233982118955786,1.0165751e-06,6.8642663e-07,LOW RISK
841,60,250.0,9.37,PVC,ASTM A333 Grade 6,2500.0,51.769034573946996,8.633239332857766,2150.007877085402,1.7889467448241103,7.581053255175889,0,0,0,0,0.017634682836577875,0.02968505910523267,0.015512349254340165,-0.006598443543354149,1.0117826e-06,9.243922e-08,LOW RISK
844,60,1200.0,30.98,Fiberglass,API 5L X52,300.0,76.77588073898256,13.30075098755835,237.6233148533574,2.761239365261204,28.218760634738796,0,0,0,0,0.044250936868099444,0.03810671499804282,0.005811472582359974,0.011552915092135851,3.4654413e-06,3.5045289e-06,LOW RISK
862,60,500.0,22.11,Fiberglass,ASTM A106 Grade B,600.0,40.792076546641916,10.760787124727896,490.81502437037705,1.8518620063708664,20.258137993629134,0,0,0,0,0.0404364511343982,0.030190761163918573,0.010325444398854203,0.0100879876540243,3.9702684e-07,1.1487017e-06,LOW RISK
867,60,200.0,11.87,Stainless Steel,ASTM A333 Grade 6,600.0,39.70947958455872,18.962064651606738,480.01327697175464,3.627289607246956,8.242710392753043,0,0,0,0,0.04788354734516309,0.05678676898637584,0.008269682130734377,-0.01036532985286076,2.1238757e-05,9.948062e-07,LOW RISK
871,60,150.0,8.26,Fiberglass,API 5L X42,900.0,103.92554682377704,16.02533164732748,779.8966709021572,3.4264066111908242,4.8335933888091756,0,0,0,0,0.06006373665031761,0.06439778700713979,0.004218281665372243,-0.008426148478478002,6.8429395e-06,9.405998e-07,LOW RISK
875,60,250.0,13.4,PVC,API 5L X42,2500.0,69.8116247541452,3.5010522153126162,2021.8710917583733,0.8095763716142622,12.590423628385738,0,0,0,0,0.01712440893434275,0.015189434400516197,0.0067363604164388845,0.009427065760004072,6.126307e-07,2.90835e-07,LOW RISK
876,60,500.0,19.43,Stainless Steel,ASTM A106 Grade B,600.0,23.591362123578673,4.64602346627649,522.2487079089962,0.9590105744082149,18.470989425591785,0,0,0,0,0.023775938006756592,0.012971351568308346,0.01011207213171086,0.020040896704778266,2.750193e-07,5.8479884e-07,LOW RISK
877,60,1500.0,34.85,PVC,API 5L X65,150.0,99.14143271149086,6.921093591833426,139.17678005251713,1.1431602918588575,33.706839708141146,0,0,0,0,0.01433629721085472,0.023714049073206622,0.010922480335436196,-0.006762936659306273,2.0029322e-06,6.9467774e-08,LOW RISK
879,60,100.0,6.77,PVC,ASTM A106 Grade B,600.0,48.63238178700885,16.313082843643222,414.2030874390605,3.1630355814369104,3.606964418563089,0,0,0,0,0.05443473338142235,0.05155237974290946,0.015181410252156325,-0.010651256531406528,1.5864674e-06,1.4961808e-08,LOW RISK
